國字,審定音
上,ㄕㄤˇ;ㄕㄤˋ
万,ㄇㄛˋ;ㄨㄢˋ 
不,ㄅㄨˋ;ㄈㄡ;ㄈㄨ
中,ㄓㄨㄥ;ㄓㄨㄥˋ
乘,ㄔㄥˊ;ㄕㄥˋ
乾,ㄍㄢ;ㄑ丨ㄢˊ
了,˙ㄌㄜ;ㄌ丨ㄠˇ
予,ㄩˊ;ㄩˇ
些,ㄒ丨ㄝ;ㄙㄨㄛˋ;ㄙㄨㄛ
亟,ㄐ丨ˊ;ㄑ丨ˋ
亢,ㄍㄤ;ㄎㄤˋ 
什,ㄕˊ;ㄕㄣˊ
仆,ㄆㄨ;ㄆㄨˊ
仇,ㄑ丨ㄡˊ;ㄔㄡˊ
仔,ㄗˇ;ㄗㄞˇ
任,ㄖㄣˊ;ㄖㄣˋ
佗,ㄊㄨㄛˊ;ㄊㄚ
佛,ㄅ丨ˋ;ㄈㄛˊ
估,ㄍㄨ;ㄍㄨˋ
伽,ㄐ丨ㄚ;ㄑ丨ㄝˊ
伺,ㄘˋ;ㄙˋ
佃,ㄉ丨ㄢˋ;ㄊ丨ㄢˊ
作,ㄗㄨㄛˊ;ㄗㄨㄛˋ
余,ㄩˊ;ㄒㄩˊ
供,ㄍㄨㄥ;ㄍㄨㄥˋ
便,ㄅ丨ㄢˋ;ㄆ丨ㄢˊ
俟,ㄑ丨ˊ;ㄙˋ
俛,ㄇ丨ㄢˇ;ㄈㄨˇ
倥,ㄎㄨㄥ;ㄎㄨㄥˇ
倆,ㄌ丨ㄚˇ;ㄌ丨ㄤˇ
倒,ㄉㄠˇ;ㄉㄠˋ
們,ㄇㄣˊ;˙ㄇㄣ
倔,ㄐㄩㄝˊ;ㄐㄩㄝˋ
倡,ㄔㄤ;ㄔㄤˋ
個,ㄍㄜˋ;ㄍㄜˇ
偺,ㄗㄚˊ;ㄗㄢˊ
假,ㄐ丨ㄚˇ;ㄐ丨ㄚˋ
偕,ㄒ丨ㄝˊ;ㄐ丨ㄝ
傍,ㄅㄤ;ㄅㄤˋ
傀,ㄍㄨㄟ;ㄎㄨㄟˇ
傌,ㄇㄚˇ;ㄇㄚˋ
傳,ㄓㄨㄢˋ;ㄔㄨㄢˊ
僮,ㄊㄨㄥˊ;ㄓㄨㄤˋ
僥,ㄐ丨ㄠˇ;丨ㄠˊ
價,˙ㄍㄚ;ㄐ丨ㄚˋ
兌,ㄉㄨㄟˋ;ㄩㄝˋ
兒,ㄋ丨ˊ;ㄦˊ
六,ㄌ丨ㄡˋ;ㄌㄨˋ
共,ㄍㄨㄥ;ㄍㄨㄥˋ
其,ㄐ丨;ㄑ丨ˊ
冒,ㄇㄠˋ;ㄇㄛˋ
冠,ㄍㄨㄢ;ㄍㄨㄢˋ
几,ㄐ丨 ;ㄐ丨ˇ
分,ㄈㄣ;ㄈㄣˋ
切,ㄑ丨ㄝ;ㄑ丨ㄝˋ
刨,ㄅㄠˋ;ㄆㄠˊ
剎,ㄔㄚˋ;ㄕㄚ
削,ㄒ丨ㄠ;ㄒㄩㄝˋ
剌,ㄌㄚˊ;ㄌㄚˋ
剡,ㄕㄢˋ;丨ㄢˇ
創,ㄔㄨㄤ;ㄔㄨㄤˋ
劃,ㄏㄨㄚˊ;ㄏㄨㄚˋ
勒,ㄌㄜˋ;ㄌㄟ
勞,ㄌㄠˊ;ㄌㄠˋ
勝,ㄕㄥ;ㄕㄥˋ
勦,ㄐ丨ㄠˇ;ㄔㄠ
勺,ㄓㄨㄛˊ;ㄕㄠˊ
勾,ㄍㄡ;ㄍㄡˋ
包,ㄅㄠ;ㄆㄠˋ
化,ㄏㄨㄚˋ;ㄏㄨㄚ
匙,ㄔˊ;˙ㄕ
匱,ㄍㄨㄟˋ;ㄎㄨㄟˋ
匹,ㄆ丨;ㄆ丨ˇ
區,ㄑㄩ;ㄡ
卒,ㄗㄨˊ;ㄘㄨˋ
南,ㄋㄢˊ;ㄋㄚˊ
占,ㄓㄢ;ㄓㄢˋ
卷,ㄐㄩㄢˇ;ㄐㄩㄢˋ;ㄑㄩㄢˊ
厭,丨ㄢˋ;丨ㄢ
參,ㄕㄣ;ㄘㄢ;ㄘㄣ
可,ㄎㄜˇ;ㄎㄜˋ
召,ㄓㄠˋ;ㄕㄠˋ
叨,ㄉㄠ;ㄊㄠ
台,丨ˊ;ㄊㄞˊ
句,ㄍㄡ;ㄐㄩˋ;ㄍㄡˋ
同,ㄊㄨㄥˊ;ㄊㄨㄥˋ
吐,ㄊㄨˇ;ㄊㄨˋ
合,ㄍㄜˇ;ㄏㄜˊ
吃,ㄐ丨ˊ;ㄔ
吭,ㄎㄥ;ㄏㄤˊ
否,ㄆ丨ˇ;ㄈㄡˇ
吧,ㄅㄚ;˙ㄅㄚ
告,ㄍㄠˋ;ㄍㄨˋ
呀,ㄒ丨ㄚ;丨ㄚ;˙丨ㄚ
呵,ㄏㄜ;ㄛ
呱,ㄍㄨㄚ;ㄨㄚ
和,ㄏㄜˊ;ㄏㄜˋ;ㄏㄢˋ;ㄏㄨㄛˋ;˙ㄏㄨㄛ;ㄏㄨˊ
呢,˙ㄋㄜ;ㄋ丨ˊ
咎,ㄍㄠ;ㄐ丨ㄡˋ
咳,ㄎㄜˊ;ㄏㄞ
哇,ㄨㄚ;˙ㄨㄚ
咽,丨ㄝˋ;丨ㄢ
哄,ㄏㄨㄥ;ㄏㄨㄥˇ
哈,ㄎㄚ;ㄏㄚ;ㄏㄚˇ
咯,˙ㄌㄛ;ㄍㄜ;ㄎㄚˇ
咱,ㄗㄢˊ;ㄗㄚˊ
咻,ㄒ丨ㄡ;ㄒㄩˇ
哆,ㄉㄨㄛ;ㄔㄜˇ 
哩,ㄌ丨;ㄌ丨ˇ;˙ㄌ丨
員,ㄩㄢˊ;ㄩㄣˊ
哪,ㄋㄚˇ;˙ㄋㄚ;ㄋㄨㄛˊ
哦,ㄛˊ;ㄜˊ
唇,ㄓㄣ;ㄔㄨㄣˊ 
啦,ㄌㄚ;˙ㄌㄚ
啞,丨ㄚ;丨ㄚˇ
啊,ㄚ;˙ㄚ
喝,ㄏㄜ;ㄏㄜˋ
喪,ㄙㄤ;ㄙㄤˋ
喔,ㄛ;ㄨㄛˋ
單,ㄉㄢ;ㄕㄢˋ;ㄔㄢˊ
喏,ㄋㄨㄛˋ;ㄖㄜˇ
喒,ㄗㄚˊ;ㄗㄢˊ
嗎,ㄇㄚˇ;˙ㄇㄚ
嗑,ㄎㄜˋ;ㄏㄜˊ
嗒,ㄉㄚ;ㄊㄚˋ
嘛,ㄇㄚˊ;˙ㄇㄚ
嘔,ㄡ;ㄡˇ;ㄡˋ
嘍,ㄌㄡˊ;˙ㄌㄡ
嘩,ㄏㄨㄚ;ㄏㄨㄚˊ
噴,ㄆㄣ;ㄆㄣˋ
噹,ㄉㄤ;ㄉ丨ㄤ
噱,ㄐㄩㄝˊ;ㄒㄩㄝ
噭,ㄐ丨ㄠˋ;ㄑ丨ㄠˋ
嚇,ㄏㄜˋ;ㄒ丨ㄚˋ
嚼,ㄐ丨ㄠˊ;ㄐㄩㄝˊ
囉,ㄌㄨㄛ;ㄌㄨㄛˊ;˙ㄌㄨㄛ
囪,ㄔㄨㄤ;ㄘㄨㄥ
囤,ㄉㄨㄣˋ;ㄊㄨㄣˊ
圈,ㄐㄩㄢˋ;ㄑㄩㄢ
圳,ㄗㄨㄣˋ;ㄓㄣˋ
地,˙ㄉㄜ;ㄉ丨ˋ
坊,ㄈㄤ;ㄈㄤˊ
坏,ㄆㄟ;ㄏㄨㄞˋ
坻,ㄉ丨ˇ ;ㄔˊ
垛,ㄉㄨㄛˇ;ㄉㄨㄛˋ 
埋,ㄇㄞˊ;ㄇㄢˊ
埤,ㄅ丨ˋ;ㄆ丨ˊ
培,ㄆㄟˊ;ㄆㄡˇ
埶,ㄕˋ;丨ˋ 
塞,ㄙㄜˋ;ㄙㄞ;ㄙㄞˋ
壘,ㄌㄟˇ;ㄌㄩˋ
夏,ㄐ丨ㄚˇ;ㄒ丨ㄚˋ
大,ㄉㄚˋ;ㄉㄞˋ
夫,ㄈㄨ;ㄈㄨˊ
奇,ㄐ丨;ㄑ丨ˊ
奄,丨ㄢ;丨ㄢˇ
契,ㄑ丨ˋ;ㄒ丨ㄝˋ
女,ㄋㄩˇ;ㄋㄩˋ
好,ㄏㄠˇ;ㄏㄠˋ
妻,ㄑ丨;ㄑ丨ˋ
委,ㄨㄟˇ;ㄨㄟ
姊,ㄐ丨ㄝˇ;ㄗˇ
妳,ㄋ丨ˇ;ㄋㄞˇ
姣,ㄐ丨ㄠˇ;ㄒ丨ㄠˊ
姥,ㄇㄨˇ;ㄌㄠˇ
娜,ㄋㄚˋ;ㄋㄨㄛˊ
娩,ㄇ丨ㄢˇ;ㄨㄢˇ
嫖,ㄆ丨ㄠ;ㄆ丨ㄠˊ
子,ㄗˇ;˙ㄗ
宛,ㄨㄢˇ;ㄩㄢ
家,ㄍㄨ;ㄐ丨ㄚ
宿,ㄒ丨ㄡˇ;ㄒ丨ㄡˋ;ㄙㄨˋ
寧,ㄋ丨ㄥˊ;ㄋ丨ㄥˋ
射,ㄕㄜˋ;丨ㄝˋ
尉,ㄨㄟˋ;ㄩˋ
將,ㄐ丨ㄤ;ㄐ丨ㄤˋ;ㄑ丨ㄤ
少,ㄕㄠˇ;ㄕㄠˋ
尺,ㄔˇ;ㄔㄜˇ
屏,ㄅ丨ㄥˇ;ㄆ丨ㄥˊ
屬,ㄓㄨˇ;ㄕㄨˇ
屯,ㄊㄨㄣˊ;ㄓㄨㄣ;ㄔㄨㄣˊ
峒,ㄉㄨㄥˋ;ㄊㄨㄥˊ
崗,ㄍㄤ;ㄍㄤˇ
嵌,ㄎㄢˇ;ㄑ丨ㄢ
差,ㄔㄚ;ㄔㄞ;ㄘ;ㄘㄨㄛ
平,ㄅ丨ㄢˋ;ㄆ丨ㄥˊ
并,ㄅ丨ㄥ;ㄅ丨ㄥˋ
幾,ㄐ丨;ㄐ丨ˇ
度,ㄉㄨˋ;ㄉㄨㄛˋ
弁,ㄅ丨ㄢˋ;ㄆㄢˊ
弄,ㄋㄨㄥˋ;ㄌㄨㄥˋ
弟,ㄉ丨ˋ;ㄊ丨ˋ
強,ㄐ丨ㄤˋ;ㄑ丨ㄤˊ;ㄑ丨ㄤˇ
彈,ㄉㄢˋ;ㄊㄢˊ
彊,ㄑ丨ㄤˊ;ㄑ丨ㄤˇ;ㄐ丨ㄤˋ
彷,ㄆㄤˊ;ㄈㄤˇ
待,ㄉㄞ;ㄉㄞˋ
得,ㄉㄜˊ;˙ㄉㄜ;ㄉㄟˇ
從,ㄗㄨㄥˋ;ㄘㄨㄥˊ;ㄗㄨㄥ;ㄘㄨㄥ
徵,ㄓㄥ;ㄓˇ
徼,ㄐ丨ㄠ;ㄐ丨ㄠˇ;ㄐ丨ㄠˋ
忪,ㄓㄨㄥ;ㄙㄨㄥ 
怔,ㄌㄥˋ;ㄓㄥ
怜,ㄌ丨ㄥˊ;ㄌ丨ㄢˊ
思,ㄙ;ㄙㄞ
恫,ㄉㄨㄥˋ;ㄊㄨㄥ
惡,ㄜˋ;ㄨ;ㄨˋ
悶,ㄇㄣ;ㄇㄣˋ
愒,ㄎㄞˋ;ㄑ丨ˋ 
應,丨ㄥ;丨ㄥˋ
戲,ㄒ丨ˋ;ㄏㄨ
扁,ㄅ丨ㄢˇ;ㄆ丨ㄢ
扇,ㄕㄢ;ㄕㄢˋ
扎,ㄓㄚ;ㄓㄚˊ
扒,ㄅㄚ;ㄆㄚˊ
扛,ㄍㄤ;ㄎㄤˊ
把,ㄅㄚˇ;ㄅㄚˋ
折,ㄓㄜ;ㄓㄜˊ;ㄕㄜˊ
抓,ㄓㄨㄚ;ㄔㄨㄚˇ
抹,ㄇㄛˇ;ㄇㄛˋ
拓,ㄊㄚˋ;ㄊㄨㄛˋ
拗,ㄋ丨ㄡˋ;ㄠ;ㄠˇ;ㄠˋ
括,ㄍㄨㄚ;ㄎㄨㄛˋ
拾,ㄕˊ;ㄕㄜˋ
挑,ㄊ丨ㄠ;ㄊ丨ㄠˇ
捎,ㄕㄠ;ㄕㄠˋ
捋,ㄌㄜˋ;ㄌㄨㄛ;ㄌㄩˇ 
掖,丨ㄝ;丨ㄝˋ
掃,ㄙㄠˇ;ㄙㄠˋ
掄,ㄌㄨㄣ;ㄌㄨㄣˊ
掙,ㄓㄥ;ㄓㄥˋ
据,ㄐㄩ;ㄐㄩˋ
揭,ㄐ丨ㄝ;ㄑ丨ˋ
搶,ㄑ丨ㄤ;ㄑ丨ㄤˇ
撇,ㄆ丨ㄝ;ㄆ丨ㄝˇ
摟,ㄌㄡ;ㄌㄡˊ;ㄌㄡˇ
摻,ㄔㄢ;ㄕㄢˇ;ㄘㄢˋ 
撈,ㄌㄠ;ㄌㄠˊ
撕,ㄙ;ㄒ丨
撒,ㄙㄚ;ㄙㄚˇ
撣,ㄉㄢˇ;ㄕㄢˋ 
擋,ㄉㄤˇ;ㄉㄤˋ
擔,ㄉㄢ;ㄉㄢˋ
擰,ㄋ丨ㄥˇ;ㄋ丨ㄥˋ
攝,ㄋ丨ㄝˋ;ㄕㄜˋ
攢,ㄗㄢˇ ;ㄘㄨㄢˊ
放,ㄈㄤˇ;ㄈㄤˋ
教,ㄐ丨ㄠ;ㄐ丨ㄠˋ
敦,ㄉㄨㄟˋ;ㄉㄨㄣ
散,ㄙㄢˇ;ㄙㄢˋ
數,ㄕㄨˇ;ㄕㄨˋ;ㄕㄨㄛˋ;ㄘㄨˋ
斁,ㄉㄨˋ;丨ˋ 
文,ㄨㄣˊ;ㄨㄣˋ
於,ㄨ;ㄩˊ
施,ㄕ;丨ˊ
旋,ㄒㄩㄢˊ;ㄒㄩㄢˋ
日,ㄖˋ;ㄇ丨ˋ
昆,ㄎㄨㄣ;ㄏㄨㄣˊ
昳,ㄉ丨ㄝˊ;丨ˋ 
晃,ㄏㄨㄤˇ;ㄏㄨㄤˋ
晟,ㄔㄥˊ;ㄕㄥˋ 
暈,ㄩㄣ;ㄩㄣˋ
暖,ㄋㄨㄢˇ;ㄒㄩㄢ
暴,ㄅㄠˋ;ㄆㄨˋ
曲,ㄑㄩ;ㄑㄩˇ
更,ㄍㄥ;ㄍㄥˋ
曾,ㄗㄥ;ㄘㄥˊ
會,ㄍㄨㄟˋ;ㄎㄨㄞˋ;ㄏㄨㄟˋ;ㄏㄨㄟˇ
有,丨ㄡˇ;丨ㄡˋ
期,ㄐ丨;ㄑ丨ˊ
朝,ㄓㄠ;ㄔㄠˊ
朴,ㄆㄛˋ;ㄆㄨˊ
杓,ㄅ丨ㄠ;ㄕㄠˊ 
枕,ㄓㄣˇ;ㄓㄣˋ
枓,ㄉㄡˇ;ㄓㄨˇ
某,ㄇㄟˊ;ㄇㄡˇ
查,ㄓㄚ;ㄔㄚˊ
枸,ㄍㄡ;ㄍㄡˇ;ㄐㄩˇ
柞,ㄗㄜˊ;ㄗㄨㄛˋ
校,ㄐ丨ㄠˋ;ㄒ丨ㄠˋ
桔,ㄐ丨ㄝˊ;ㄐㄩˊ
棹,ㄓㄠˋ;ㄓㄨㄛ
棲,ㄑ丨;ㄒ丨
椎,ㄓㄨㄟ;ㄔㄨㄟˊ
楞,ㄌㄥˊ;ㄌㄥˋ
榜,ㄅㄤˇ;ㄅㄥˋ
槍,ㄑ丨ㄤ;ㄔㄥ
榦,ㄍㄢˋ;ㄏㄢˊ 
樂,ㄌㄜˋ;丨ㄠˋ;ㄩㄝˋ
橫,ㄏㄥˊ;ㄏㄥˋ
檐,丨ㄢˊ;ㄉㄢˋ
檻,ㄎㄢˇ;ㄐ丨ㄢˋ
櫟,ㄌ丨ˋ;ㄩㄝˋ 
欬,ㄎㄞˋ ;ㄎㄜˊ 
欸,ㄞˇ;ㄟˋ
欹,ㄑ丨;丨
歙,ㄒ丨ˋ;ㄕㄜˋ
正,ㄓㄥ;ㄓㄥˋ
歪,ㄨㄞ;ㄨㄞˇ
殷,丨ㄣ;丨ㄣˇ;丨ㄢ
殺,ㄕㄚ;ㄕㄞˋ
比,ㄅ丨ˇ;ㄅ丨ˋ
氏,ㄕˋ; ㄓ
氓,ㄇㄥˊ;ㄇㄤˊ
汗,ㄏㄢˋ;ㄏㄢˊ
沒,ㄇㄛˋ;ㄇㄟˊ
汩,ㄍㄨˇ;ㄩˋ 
泌,ㄅ丨ˋ;ㄇ丨ˋ
泥,ㄋ丨ˊ;ㄋ丨ˋ
法,ㄈㄚˇ;ㄈㄚˊ
泄,ㄒ丨ㄝˋ;丨ˋ
沮,ㄐㄩ;ㄐㄩˇ;ㄐㄩˋ
泡,ㄆㄠ;ㄆㄠˋ
沬,ㄇㄟˋ;ㄏㄨㄟˋ
洞,ㄉㄨㄥˋ;ㄊㄨㄥˊ
洗,ㄒ丨ˇ;ㄒ丨ㄢˇ
洼,ㄍㄨㄟ;ㄨㄚ
洒,ㄒ丨ㄢˇ;ㄘㄨㄟˇ;ㄙㄚˇ;ㄒ丨ˇ
洩,ㄒ丨ㄝˋ;丨ˋ 
淺,ㄑ丨ㄢˇ;ㄐ丨ㄢ
混,ㄍㄨㄣˇ;ㄏㄨㄣˋ
湛,ㄉㄢ;ㄓㄢˋ
渦,ㄍㄨㄛ;ㄨㄛ
湯,ㄊㄤ;ㄕㄤ
渴,ㄎㄜˇ;ㄏㄜˊ
渾,ㄏㄨㄣˊ;ㄏㄨㄣˋ
渫,ㄉ丨ㄝˊ;ㄒ丨ㄝˋ
湫,ㄐ丨ㄠˇ;ㄐ丨ㄡ
滑,ㄍㄨˇ;ㄏㄨㄚˊ
溜,ㄌ丨ㄡ;ㄌ丨ㄡˋ
漂,ㄆ丨ㄠ;ㄆ丨ㄠˇ;ㄆ丨ㄠˋ
漲,ㄓㄤˇ;ㄓㄤˋ
漯,ㄊㄚˋ;ㄌㄨㄛˋ
漚,ㄡ;ㄡˋ
漿,ㄐ丨ㄤ;ㄐ丨ㄤˋ
澄,ㄉㄥˋ;ㄔㄥˊ
潦,ㄌㄠˋ;ㄌ丨ㄠˊ
澎,ㄆㄥ;ㄆㄥˊ
澹,ㄉㄢˋ;ㄊㄢˊ
濟,ㄐ丨ˇ;ㄐ丨ˋ
濕,ㄊㄚˋ;ㄕ
濺,ㄐ丨ㄢ;ㄐ丨ㄢˋ
瀑,ㄅㄠˋ;ㄆㄨˋ
瀾,ㄌㄢˊ;ㄌㄢˋ
為,ㄨㄟˊ;ㄨㄟˋ
炸,ㄓㄚˊ;ㄓㄚˋ
炮,ㄅㄠ;ㄆㄠˊ;ㄆㄠˋ
烙,ㄌㄠˋ;ㄌㄨㄛˋ
無,ㄨˊ;ㄇㄛˊ
煞,ㄕㄚ;ㄕㄚˋ
熨,ㄩㄣˋ;ㄩˋ
燉,ㄉㄨㄣ;ㄉㄨㄣˋ
燕,丨ㄢ;丨ㄢˋ
燥,ㄗㄠˋ;ㄙㄠˋ
爪,ㄓㄠˇ;ㄓㄨㄚˇ
父,ㄈㄨˇ;ㄈㄨˋ
犍,ㄐ丨ㄢ ;ㄑ丨ㄢˊ 
猗,丨;丨ˇ;ㄜˇ
猲,ㄏㄜˋ;ㄒ丨ㄝ
率,ㄌㄩˋ;ㄕㄨㄞˋ
王,ㄨㄤˊ;ㄨㄤˋ
瑒,ㄔㄤˋ;丨ㄤˊ 
瓦,ㄨㄚˇ;ㄨㄚˋ
甚,ㄕㄣˊ;ㄕㄣˋ
町,ㄉ丨ㄥ;ㄊ丨ㄥˇ 
畜,ㄒㄩˋ;ㄔㄨˋ
番,ㄈㄢ;ㄆㄢ
畬,ㄕㄜ;ㄩˊ
當,ㄉㄤ;ㄉㄤˋ
癟,ㄅ丨ㄝˇ;ㄅ丨ㄝ
百,ㄅㄞˇ;ㄅㄛˊ
的,˙ㄉㄜ;ㄉ丨ˊ;ㄉ丨ˋ
盛,ㄔㄥˊ;ㄕㄥˋ
監,ㄐ丨ㄢ;ㄐ丨ㄢˋ
省,ㄒ丨ㄥˇ;ㄕㄥˇ
相,ㄒ丨ㄤ;ㄒ丨ㄤˋ
看,ㄎㄢ;ㄎㄢˋ
睪,丨ˋ;ㄍㄠ
瞑,ㄇ丨ㄢˋ;ㄇ丨ㄥˊ
瞭,ㄌ丨ㄠˇ;ㄌ丨ㄠˋ
瞿,ㄐㄩˋ;ㄑㄩˊ
矇,ㄇㄥ;ㄇㄥˊ
石,ㄉㄢˋ;ㄕˊ
砌,ㄑ丨ˋ;ㄑ丨ㄝˋ
磅,ㄅㄤˋ;ㄆㄤ
磨,ㄇㄛˊ;ㄇㄛˋ
祇,ㄑ丨ˊ;ㄓˇ
祭,ㄐ丨ˋ;ㄓㄞˋ
禁,ㄐ丨ㄣ;ㄐ丨ㄣˋ
禪,ㄔㄢˊ;ㄕㄢˋ
禰,ㄇ丨ˊ;ㄋ丨ˇ
秤,ㄆ丨ㄥˊ;ㄔㄥˋ
秘,ㄅ丨ˋ;ㄇ丨ˋ
種,ㄓㄨㄥˇ;ㄓㄨㄥˋ
稱,ㄔㄥ;ㄔㄥˋ
稽,ㄐ丨;ㄑ丨ˇ
空,ㄎㄨㄥ;ㄎㄨㄥˋ
答,ㄉㄚ;ㄉㄚˊ
簸,ㄅㄛˇ;ㄅㄛˋ
粘,ㄋ丨ㄢˊ;ㄓㄢ
粥,ㄓㄡ;ㄓㄨˋ;ㄩˋ
紅,ㄏㄨㄥˊ;ㄍㄨㄥ
累,ㄌㄟˇ;ㄌㄟˋ
結,ㄐ丨ㄝ;ㄐ丨ㄝˊ
絡,ㄌㄠˋ;ㄌㄨㄛˋ
給,ㄍㄟˇ;ㄐ丨ˇ
綸,ㄌㄨㄣˊ;ㄍㄨㄢ
綮,ㄑ丨ˇ;ㄑ丨ㄥˋ 
繆,ㄇㄡˊ;ㄇ丨ㄠˋ;ㄇ丨ㄡˋ
繃,ㄅㄥ;ㄅㄥˇ;ㄅㄥˋ
縫,ㄈㄥˊ;ㄈㄥˋ
縱,ㄗㄨㄥ;ㄗㄨㄥˋ
繁,ㄆㄛˊ;ㄈㄢˊ
繫,ㄐ丨ˋ;ㄒ丨ˋ
繳,ㄐ丨ㄠˇ;ㄓㄨㄛˊ
署,ㄕㄨˇ;ㄕㄨˋ
罷,ㄅㄚˋ;˙ㄅㄚ;ㄆ丨ˊ
羋,ㄇ丨ˇ;ㄇ丨ㄝ
翟,ㄉ丨ˊ;ㄓㄞˊ
翹,ㄑ丨ㄠˊ;ㄑ丨ㄠˋ
聽,ㄊ丨ㄥ;ㄊ丨ㄥˋ
肚,ㄉㄨˇ;ㄉㄨˋ
胖,ㄆㄢˊ;ㄆㄤˋ
背,ㄅㄟ;ㄅㄟˋ
脈,ㄇㄞˋ;ㄇㄛˋ
脯,ㄆㄨˊ;ㄈㄨˇ
腊,ㄒ丨ˊ ;ㄌㄚˋ
膀,ㄅㄤˇ;ㄆㄤ;ㄆㄤˊ;ㄅㄤˋ
膏,ㄍㄠ;ㄍㄠˋ
臊,ㄙㄠ;ㄙㄠˋ 
臭,ㄒ丨ㄡˋ;ㄔㄡˋ
與,ㄩˊ;ㄩˇ;ㄩˋ
興,ㄒ丨ㄥ;ㄒ丨ㄥˋ
舍,ㄕㄜˇ;ㄕㄜˋ
般,ㄅㄛ;ㄅㄢ;ㄆㄢˊ
艮,ㄍㄣˇ;ㄍㄣˋ
色,ㄙㄜˋ;ㄕㄞˇ
艾,ㄞˋ;丨ˋ
茄,ㄐ丨ㄚ;ㄑ丨ㄝˊ
若,ㄖㄜˇ;ㄖㄨㄛˋ
苔,ㄊㄞ;ㄊㄞˊ
茲,ㄗ;ㄘˊ
莎,ㄕㄚ;ㄙㄨㄛ
莞,ㄍㄨㄢ;ㄨㄢˇ;ㄍㄨㄢˇ
荷,ㄏㄜˊ;ㄏㄜˋ
荼,ㄊㄨˊ;ㄕㄨ
華,ㄏㄨㄚ;ㄏㄨㄚˊ;ㄏㄨㄚˋ
著,˙ㄓㄜ;ㄓㄠ;ㄓㄠˊ;ㄓㄨˋ;ㄓㄨㄛˊ
菲,ㄈㄟ;ㄈㄟˇ
葷,ㄏㄨㄣ;ㄒㄩㄣ
落,ㄌㄚˋ;ㄌㄠˋ;ㄌㄨㄛˋ
葉,ㄕㄜˋ;丨ㄝˋ
葛,ㄍㄜˊ;ㄍㄜˇ
蓋,ㄍㄜˇ;ㄍㄞˋ
蔚,ㄨㄟˋ;ㄩˋ
蔓,ㄇㄢˊ;ㄇㄢˋ
蓼,ㄌ丨ㄠˇ;ㄌㄨˋ 
蕃,ㄈㄢ;ㄈㄢˊ;ㄅㄛ
薄,ㄅㄛˊ;ㄅㄛˋ
藏,ㄗㄤˋ;ㄘㄤˊ
藉,ㄐ丨ˊ;ㄐ丨ㄝˋ
薺,ㄐ丨ˋ;ㄑ丨ˊ 
藷,ㄓㄨ;ㄕㄨˇ
蘋,ㄆ丨ㄣˊ;ㄆ丨ㄥˊ
虎,ㄏㄨˇ;ㄏㄨ
處,ㄔㄨˇ;ㄔㄨˋ
號,ㄏㄠˊ;ㄏㄠˋ
虫,ㄏㄨㄟˇ;ㄔㄨㄥˊ
虺,ㄏㄨㄟ;ㄏㄨㄟˇ 
蛇,ㄕㄜˊ;丨ˊ
蚵,ㄎㄜ;ㄜˊ
蛆,ㄐㄩ;ㄑㄩ
蛤,ㄍㄜˊ;ㄏㄚˊ
蝦,ㄒ丨ㄚ;ㄏㄚˊ
螞,ㄇㄚˇ;ㄇㄚˋ
蠡,ㄌ丨ˊ;ㄌ丨ˇ
行,ㄏㄤˊ;ㄏㄤˋ;ㄒ丨ㄥˊ;ㄒ丨ㄥˋ
衝,ㄔㄨㄥ;ㄔㄨㄥˋ
衣,丨;丨ˋ
衰,ㄕㄨㄞ;ㄘㄨㄟ
裳,ㄔㄤˊ;˙ㄕㄤ
裨,ㄅ丨ˋ;ㄆ丨ˊ
褶,ㄉ丨ㄝˊ;ㄒㄩㄝˊ;ㄓㄜˊ
要,丨ㄠ;丨ㄠˋ
覃,ㄊㄢˊ;ㄑ丨ㄣˊ
親,ㄑ丨ㄣ;ㄑ丨ㄥˋ
覺,ㄐ丨ㄠˋ;ㄐㄩㄝˊ
觀,ㄍㄨㄢ;ㄍㄨㄢˋ
角,ㄌㄨˋ;ㄐ丨ㄠˇ;ㄐㄩㄝˊ
解,ㄐ丨ㄝˇ;ㄐ丨ㄝˋ;ㄒ丨ㄝˋ
語,ㄩˇ;ㄩˋ
說,ㄕㄨㄛ;ㄕㄨㄟˋ
請,ㄐ丨ㄥˋ;ㄑ丨ㄥˇ
調,ㄉ丨ㄠˋ;ㄊ丨ㄠˊ
論,ㄌㄨㄣˊ;ㄌㄨㄣˋ
識,ㄓˋ;ㄕˋ
讀,ㄉㄡˋ;ㄉㄨˊ
谷,ㄍㄨˇ;ㄩˋ
豁,ㄏㄨㄛˋ;ㄏㄨㄚˊ
貉,ㄏㄜˊ;ㄇㄛˋ
賁,ㄅㄣ;ㄅ丨ˋ
賈,ㄍㄨˇ;ㄐ丨ㄚˇ
質,ㄓˊ;ㄓˋ
足,ㄗㄨˊ;ㄐㄩˋ
跑,ㄆㄠˊ;ㄆㄠˇ
躂,ㄊㄚˋ;˙ㄉㄚ
身,ㄕㄣ;ㄐㄩㄢ
車,ㄔㄜ;ㄐㄩ
軋,ㄍㄚˊ;丨ㄚˋ
載,ㄗㄞˇ;ㄗㄞˋ
輾,ㄋ丨ㄢˇ ;ㄓㄢˇ
轂,ㄍㄨ;ㄍㄨˇ
轉,ㄓㄨㄢˇ;ㄓㄨㄢˋ
轍,ㄓㄜˊ;ㄔㄜˋ
辟,ㄅ丨ˋ;ㄆ丨ˋ
追,ㄉㄨㄟ;ㄓㄨㄟ
逢,ㄆㄥˊ;ㄈㄥˊ
逮,ㄉㄞˇ;ㄉㄞˋ
過,ㄍㄨㄛ;ㄍㄨㄛˋ
遠,ㄩㄢˇ;ㄩㄢˋ
適,ㄉ丨ˊ;ㄕˋ
遺,丨ˊ;ㄨㄟˋ
還,ㄏㄞˊ;ㄏㄨㄢˊ
邪,ㄒ丨ㄝˊ;丨ㄝˊ
那,ㄋㄚ;ㄋㄚˇ;ㄋㄚˋ;ㄋㄨㄛˊ
都,ㄉㄡ;ㄉㄨ
酊,ㄉ丨ㄥ;ㄉ丨ㄥˇ
酢,ㄗㄨㄛˋ;ㄘㄨˋ
重,ㄓㄨㄥˋ;ㄔㄨㄥˊ
量,ㄌ丨ㄤˊ;ㄌ丨ㄤˋ
釐,ㄌ丨ˊ;ㄒ丨
釘,ㄉ丨ㄥ;ㄉ丨ㄥˋ
鈷,ㄍㄨˇ;ㄍㄨ
鉛,ㄑ丨ㄢ;丨ㄢˊ
銻,ㄊ丨ˋ;ㄊ丨
鋪,ㄆㄨ;ㄆㄨˋ
鋼,ㄍㄤ;ㄍㄤˋ
鏑,ㄉ丨ˊ;ㄉ丨
鐺,ㄉㄤ;ㄔㄥ
鑽,ㄗㄨㄢ;ㄗㄨㄢˋ
長,ㄓㄤˇ;ㄓㄤˋ;ㄔㄤˊ
間,ㄐ丨ㄢ;ㄐ丨ㄢˋ
閤,ㄍㄜˊ;ㄏㄜˊ
闕,ㄑㄩㄝˋ;ㄑㄩㄝ
阿,ㄜ;ㄚ
降,ㄐ丨ㄤˋ;ㄒ丨ㄤˊ
陸,ㄌ丨ㄡˋ;ㄌㄨˋ
陶,ㄊㄠˊ;丨ㄠˊ
雅,丨ㄚ;丨ㄚˇ
雋,ㄐㄩㄢˋ;ㄐㄩㄣˋ
難,ㄋㄢˊ;ㄋㄢˋ;ㄋㄨㄛˊ
雨,ㄩˇ;ㄩˋ
霸,ㄅㄚˋ;ㄆㄛˋ
露,ㄌㄡˋ;ㄌㄨˋ
靦,ㄇ丨ㄢˇ;ㄊ丨ㄢˇ
靶,ㄅㄚˇ;ㄅㄚˋ
頓,ㄉㄨㄣˋ;ㄉㄨˊ
頡,ㄐ丨ㄝˊ;ㄒ丨ㄝˊ
頦,ㄎㄜ;ㄏㄞˊ
頸,ㄐ丨ㄥˇ;ㄍㄥˇ
頭,ㄊㄡˊ;˙ㄊㄡ
風,ㄈㄥ;ㄈㄥˋ
食,ㄕˊ;ㄙˋ;丨ˋ
飲,丨ㄣˇ;丨ㄣˋ
養,丨ㄤˇ;丨ㄤˋ
馮,ㄆ丨ㄥˊ;ㄈㄥˊ
馱,ㄉㄨㄛˋ;ㄊㄨㄛˊ
騎,ㄐ丨ˋ;ㄑ丨ˊ
骨,ㄍㄨ;ㄍㄨˇ;ㄍㄨˊ
鬲,ㄌ丨ˋ;ㄍㄜˊ
魄,ㄆㄛˋ;ㄊㄨㄛˋ
魟,ㄏㄨㄥ;ㄍㄨㄥ
鮮,ㄒ丨ㄢ;ㄒ丨ㄢˇ
鮭,ㄍㄨㄟ;ㄒ丨ㄝˊ 
鰓,ㄒ丨ˇ;ㄙㄞ
鱣,ㄓㄢ;ㄕㄢˋ
鴝,ㄍㄡ;ㄑㄩˊ 
鵠,ㄍㄨˇ;ㄏㄨˊ
鹽,丨ㄢˊ;丨ㄢˋ
麗,ㄌ丨ˊ;ㄌ丨ˋ
麼,ㄇㄛˊ;ㄇㄚˊ;˙ㄇㄜ
齊,ㄐ丨ˋ;ㄑ丨ˊ;ㄗ
龜,ㄍㄨㄟ;ㄐㄩㄣ;ㄑ丨ㄡ
